{
  "hash": "5378067e",
  "configHash": "5a8510fd",
  "lockfileHash": "929a62fc",
  "browserHash": "40040475",
  "optimized": {
    "@angular/common": {
      "src": "../../../../../node_modules/@angular/common/fesm2022/common.mjs",
      "file": "@angular_common.js",
      "fileHash": "61425ab0",
      "needsInterop": false
    },
    "@angular/core": {
      "src": "../../../../../node_modules/@angular/core/fesm2022/core.mjs",
      "file": "@angular_core.js",
      "fileHash": "6c364a09",
      "needsInterop": false
    },
    "@angular/forms": {
      "src": "../../../../../node_modules/@angular/forms/fesm2022/forms.mjs",
      "file": "@angular_forms.js",
      "fileHash": "b1d5cfc5",
      "needsInterop": false
    },
    "@angular/platform-browser": {
      "src": "../../../../../node_modules/@angular/platform-browser/fesm2022/platform-browser.mjs",
      "file": "@angular_platform-browser.js",
      "fileHash": "9693b4f5",
      "needsInterop": false
    },
    "@angular/router": {
      "src": "../../../../../node_modules/@angular/router/fesm2022/router.mjs",
      "file": "@angular_router.js",
      "fileHash": "506ec75c",
      "needsInterop": false
    }
  },
  "chunks": {
    "chunk-6LM6EIPF": {
      "file": "chunk-6LM6EIPF.js"
    },
    "chunk-5IPOJP64": {
      "file": "chunk-5IPOJP64.js"
    },
    "chunk-IMHRZ32E": {
      "file": "chunk-IMHRZ32E.js"
    }
  }
}